Segment,Clients,Recency_moyenne,Frequency_moyenne,Monetary_moyenne
VIP,1319,17.094768764215313,9.37680060652009,4932.935550416983
À réactiver,646,119.19814241486068,4.171826625386997,1611.350914860681
Fidèles,610,23.365573770491803,2.177049180327869,827.3292295081967
Occasionnels,1763,163.14237095859332,1.2144072603516733,487.3864957458877
